Citation / short name,Year,Study type,CKD objective/outcome,Dataset / population,Methods,Key predictors/domains,Acknowledged limitations / findings,Relevance to our CKD project,Source URL
Tangri et al.,2013,Systematic review,"CKD prognosis: kidney failure, CV events, mortality",MEDLINE; 13 studies / 23 models,Mostly regression-based multivariable models,eGFR/creatinine; proteinuria common,Only 2 studies/4 models met clinical-usefulness criteria; limited cross-model comparison and risk-of-bias assessment,Shows mature kidney-failure prediction literature but weaker clinical utility for broader outcomes,https://pubmed.ncbi.nlm.nih.gov/23588748/
van Rijn et al.,2021,Systematic review + external validation,"ESRD, cardiovascular events, mortality",91 papers; external validation in MASTERPLAN trial (n=788),Multivariable prognostic models,Multiple biomarkers and clinical predictors,Different outcome definitions; only 21% reported full equations; variable external performance; moderate quality,Strong evidence that reproducibility/reporting and external validity remain gaps,https://pubmed.ncbi.nlm.nih.gov/33051669/
Sanmarchi et al.,2023,Rapid systematic review,"CKD prediction, diagnosis, treatment",68 ML studies,Machine learning / AI,Heterogeneous clinical and laboratory predictors,Metrics heterogeneous; generalizability/diverse-population testing rare; only 6/68 in clinical context,"Supports generalizability, clinical validation and comparable evaluation as gaps",https://pubmed.ncbi.nlm.nih.gov/36786976/
Echouffo-Tcheugui & Kengne,2012,Systematic review,CKD occurrence/presence and progression,26 publications; 30 occurrence and 17 progression scores,18 logistic; 3 Cox among occurrence models,Common clinical risk factors; biomarkers in some models,Limited external validation; poorer validation performance; calibration often unassessed; lack of ethnic diversity; linearity assumptions and dichotomization noted,"Directly supports calibration, external validation, heterogeneity and careful continuous-risk modeling",https://pmc.ncbi.nlm.nih.gov/articles/PMC3502517/
Pan & Tong,2024,Systematic review + meta-analysis,CKD progression prognosis,33 AI studies,AI/ML models,Varied,High heterogeneity; pooled AUC promising but performance varies,Shows ML is already well developed; novelty cannot rest on simply applying ML,https://pubmed.ncbi.nlm.nih.gov/39663146/
Tangri et al.,2016,Multinational meta-analysis / validation,Kidney failure risk,Multiple multinational CKD cohorts,"Kidney Failure Risk Equation (4-, 6-, 8-variable forms)","Age, sex, eGFR, albuminuria plus additional labs in extended forms",Need population-specific calibration; demonstrates mature validated benchmark,KFRE is an important benchmark; project should not imply absence of established risk equations,https://jamanetwork.com/journals/jama/fullarticle/2481005
Peeters et al.,2013,External validation,Kidney failure,595 European CKD patients,KFRE variants,"Age, sex, eGFR, albuminuria; extended labs",Simpler and complex equations had similar discrimination; calibration differed,"Illustrates tradeoff between complexity, interpretability and calibration",https://pubmed.ncbi.nlm.nih.gov/23645476/
Fraccaro et al.,2016,External validation,Incident CKD,"Population EHR, Salford UK",Seven existing clinical prediction models,Routine EHR predictors,Good discrimination but most models substantially overpredicted risk; recalibration needed,Strong evidence that discrimination alone is insufficient,https://pmc.ncbi.nlm.nih.gov/articles/PMC4940699/
van der Burgh et al.,2021,Systematic review + external validation,Nephropathy/CKD in type 2 diabetes,41 studies; 64 models; Hoorn DCS and GoDARTS validation,Multiple traditional prediction models,Clinical and diabetes-related predictors,Large variation across models/horizons; only subset externally validated,Supports population- and outcome-specific validation,https://pmc.ncbi.nlm.nih.gov/articles/PMC8477272/
Risk Prediction Score review,2023,Systematic review,Incident CKD in healthy adults and type 2 diabetes,11 general-population and 3 T2D models highlighted,Risk scores / regression models,Heterogeneous predictors,Variables not comparable enough for meta-analysis; calls for validation in different populations,Supports harmonization and transportability gap,https://pmc.ncbi.nlm.nih.gov/articles/PMC10159345/
CKD progression scoping review,2022,Scoping review,CKD progression,Multiple progression-model studies,Traditional and ML prediction approaches,Varied,Only 3 studies externally validated on external population datasets; missing/limited data and imbalance common,"Supports external validation, missing-data handling and generalizability gaps",https://pmc.ncbi.nlm.nih.gov/articles/PMC9321365/
Machine-learning progression meta-analysis,2022,Systematic review + meta-analysis,Kidney disease/CKD progression,15 studies; 6 in synthesis,Machine learning,Varied,High heterogeneity; promising AUC but inconsistent sensitivity/specificity,ML performance alone does not establish transportability or clinical usefulness,https://pubmed.ncbi.nlm.nih.gov/35915457/
CKD AI/ML progression review,2024,Systematic review,CKD progression to ESRD/RRT and related outcomes,13 studies,"Logistic regression, SVM, RF, neural networks, deep learning","eGFR, proteinuria, albumin, hemoglobin, longitudinal data",Diverse algorithms/outcomes; review emphasizes longitudinal data and biomarkers,Confirms nonlinear/ML modeling already exists and longitudinal information is important,https://pubmed.ncbi.nlm.nih.gov/38864072/
UK Biobank external validation,2026,Large external validation,CKD and kidney failure,"497,896 UK Biobank adults; 16 models",Existing risk models,Model-specific predictors; subgroup evaluation,Fair-excellent discrimination but severe miscalibration common; performance poorer in diabetes/hypertension,Very recent evidence that calibration and subgroup transportability remain unresolved,https://pmc.ncbi.nlm.nih.gov/articles/PMC13203005/
NHANES elderly MetS study,2026,Prediction study,Prevalent CKD in elderly adults with metabolic syndrome,NHANES 2011-2020,Logistic regression + ML; SHAP; restricted cubic splines,"UHR, age, uric acid, BUN among final predictors",Restricted population; prevalent cross-sectional CKD; internal/external split within NHANES cycles,Important comparator: NHANES + uric acid + nonlinear interpretation is not itself novel,https://pubmed.ncbi.nlm.nih.gov/41371294/
NHANES abdominal obesity study,2024,Prediction/association study,CKD in adults with abdominal obesity,"NHANES 2005-2018; n=8,764",CatBoost + restricted cubic splines + SHAP,"Age, diabetes, hypertension, HDL-C, CDAI, TyG-WC, LAP",Population restricted to abdominal obesity; cross-sectional CKD,Shows NHANES nonlinear/ML CKD modeling already exists,https://pubmed.ncbi.nlm.nih.gov/39593076/
Stage 4 CKD multicenter ML,2025,Development + multicenter validation,Short-term ESRD progression,EHR; 346 training + 105 external validation,"9 ML models incl. Ridge, RF, XGBoost",EHR clinical predictors,Advanced-stage population; relatively small cohorts despite external validation,Shows sophisticated ML progression work exists; scope differs from population risk assessment,https://pubmed.ncbi.nlm.nih.gov/41214104/
RRT risk model,2017,Development + external validation,5-year renal replacement therapy risk in stage 3/4 CKD,Primary-care/CKD cohorts,Pragmatic clinical prediction model,Routine clinical variables,Focused on established CKD and RRT; strong discrimination/calibration in validation,Useful benchmark for progression rather than population identification,https://pmc.ncbi.nlm.nih.gov/articles/PMC5220646/
