Domain,Variable,NHANES variable/code,Definition,Units/categories,NHANES component,Currently available,N nonmissing (adult frame),Missing % (adult frame),Role in current project,CKD relevance,Notes,Source URL
Demographic,Age,RIDAGEYR,Age at screening; age 80+ top-coded at 80,years,DEMO_L,Yes,7809,0.0,Core covariate / eGFR input,Major CKD risk factor and eGFR input.,"Adult frame = DEMO_L age ≥20. Missing % is relative to all 7,809 adults and can reflect component participation/availability as well as item missingness.",https://wwwn.cdc.gov/nchs/nhanes/search/variablelist.aspx?Component=Demographics&Cycle=2021-2023
Demographic,Sex,RIAGENDR,Participant sex/gender variable as released by NHANES,categorical,DEMO_L,Yes,7809,0.0,Core covariate / eGFR input,Required for the sex-specific term in the 2021 CKD-EPI creatinine equation.,"Adult frame = DEMO_L age ≥20. Missing % is relative to all 7,809 adults and can reflect component participation/availability as well as item missingness.",https://wwwn.cdc.gov/nchs/nhanes/search/variablelist.aspx?Component=Demographics&Cycle=2021-2023
Demographic,Race/Hispanic origin,RIDRETH3,Race/Hispanic-origin recode including non-Hispanic Asian category,categorical,DEMO_L,Yes,7809,0.0,Population characterization / subgroup analysis,Useful for population heterogeneity; not used in the 2021 race-free CKD-EPI equation.,"Adult frame = DEMO_L age ≥20. Missing % is relative to all 7,809 adults and can reflect component participation/availability as well as item missingness.",https://wwwn.cdc.gov/nchs/nhanes/search/variablelist.aspx?Component=Demographics&Cycle=2021-2023
Socioeconomic,Education,DMDEDUC2,Highest grade/degree completed for adults,categorical,DEMO_L,Yes,7794,0.19,Potential socioeconomic covariate,Potential marker of socioeconomic differences in CKD risk and healthcare access.,"Adult frame = DEMO_L age ≥20. Missing % is relative to all 7,809 adults and can reflect component participation/availability as well as item missingness.",https://wwwn.cdc.gov/nchs/nhanes/search/variablelist.aspx?Component=Demographics&Cycle=2021-2023
Demographic,Marital status,DMDMARTZ,Marital status,categorical,DEMO_L,Yes,7792,0.22,Secondary descriptive covariate,Potential social-context variable; not required for first core model.,"Adult frame = DEMO_L age ≥20. Missing % is relative to all 7,809 adults and can reflect component participation/availability as well as item missingness.",https://wwwn.cdc.gov/nchs/nhanes/search/variablelist.aspx?Component=Demographics&Cycle=2021-2023
Socioeconomic,Family income-to-poverty ratio,INDFMPIR,Ratio of family income to poverty,ratio,DEMO_L,Yes,6489,16.9,Potential socioeconomic covariate,Potential socioeconomic-risk and access-to-care indicator.,"Adult frame = DEMO_L age ≥20. Missing % is relative to all 7,809 adults and can reflect component participation/availability as well as item missingness.",https://wwwn.cdc.gov/nchs/nhanes/search/variablelist.aspx?Component=Demographics&Cycle=2021-2023
Survey design,MEC examination weight,WTMEC2YR,Full-sample 2-year MEC examination weight,survey weight,DEMO_L,Yes,7809,0.0,Survey inference,Candidate base weight; final choice must follow NHANES guidance and most restrictive component.,"Adult frame = DEMO_L age ≥20. Missing % is relative to all 7,809 adults and can reflect component participation/availability as well as item missingness.",https://wwwn.cdc.gov/nchs/nhanes/search/variablelist.aspx?Component=Demographics&Cycle=2021-2023
Survey design,Pseudo-stratum,SDMVSTRA,Masked variance-unit pseudo-stratum,design variable,DEMO_L,Yes,7809,0.0,Survey variance estimation,Needed with PSU and weights for design-based variance estimation.,"Adult frame = DEMO_L age ≥20. Missing % is relative to all 7,809 adults and can reflect component participation/availability as well as item missingness.",https://wwwn.cdc.gov/nchs/nhanes/search/variablelist.aspx?Component=Demographics&Cycle=2021-2023
Survey design,Pseudo-PSU,SDMVPSU,Masked variance-unit pseudo-PSU,design variable,DEMO_L,Yes,7809,0.0,Survey variance estimation,Needed with strata and weights for design-based variance estimation.,"Adult frame = DEMO_L age ≥20. Missing % is relative to all 7,809 adults and can reflect component participation/availability as well as item missingness.",https://wwwn.cdc.gov/nchs/nhanes/search/variablelist.aspx?Component=Demographics&Cycle=2021-2023
Kidney marker,Urine albumin,URXUMA,Urine albumin,µg/mL,ALB_CR_L,Yes,5910,24.32,CKD definition component,Used with urine creatinine to quantify albuminuria.,"Adult frame = DEMO_L age ≥20. Missing % is relative to all 7,809 adults and can reflect component participation/availability as well as item missingness.",https://wwwn.cdc.gov/Nchs/Data/Nhanes/Public/2021/DataFiles/ALB_CR_L.htm
Kidney marker,Urine creatinine,URXUCR,Urine creatinine,mg/dL,ALB_CR_L,Yes,5910,24.32,CKD definition component,Denominator used to calculate urine albumin-creatinine ratio.,"Adult frame = DEMO_L age ≥20. Missing % is relative to all 7,809 adults and can reflect component participation/availability as well as item missingness.",https://wwwn.cdc.gov/Nchs/Data/Nhanes/Public/2021/DataFiles/ALB_CR_L.htm
Kidney marker,Urine albumin-creatinine ratio,URDACT,Calculated urine albumin-creatinine ratio,mg/g,ALB_CR_L,Yes,5910,24.32,Primary CKD definition component,NHANES-calculated ACR; contributes to operational CKD classification.,"Adult frame = DEMO_L age ≥20. Missing % is relative to all 7,809 adults and can reflect component participation/availability as well as item missingness.",https://wwwn.cdc.gov/Nchs/Data/Nhanes/Public/2021/DataFiles/ALB_CR_L.htm
Kidney marker,Serum creatinine,LBXSCR,Refrigerated serum creatinine,mg/dL,BIOPRO_L,Yes,5443,30.3,Primary CKD definition component,Used to estimate eGFR with the 2021 race-free CKD-EPI creatinine equation.,"Adult frame = DEMO_L age ≥20. Missing % is relative to all 7,809 adults and can reflect component participation/availability as well as item missingness.",https://wwwn.cdc.gov/Nchs/Data/Nhanes/Public/2021/DataFiles/BIOPRO_L.htm
Primary exposure,Serum uric acid,LBXSUA,Serum uric acid,mg/dL,BIOPRO_L,Yes,5446,30.26,Primary risk factor,Initial exposure for adjusted and potentially nonlinear association with prevalent CKD.,"Adult frame = DEMO_L age ≥20. Missing % is relative to all 7,809 adults and can reflect component participation/availability as well as item missingness.",https://wwwn.cdc.gov/Nchs/Data/Nhanes/Public/2021/DataFiles/BIOPRO_L.htm
Metabolic,Serum glucose,LBXSGL,Refrigerated serum glucose,mg/dL,BIOPRO_L,Yes,5471,29.94,Candidate covariate,Metabolic marker relevant to diabetes and CKD risk; fasting status requires care.,"Adult frame = DEMO_L age ≥20. Missing % is relative to all 7,809 adults and can reflect component participation/availability as well as item missingness.",https://wwwn.cdc.gov/Nchs/Data/Nhanes/Public/2021/DataFiles/BIOPRO_L.htm
Kidney/metabolic,Blood urea nitrogen,LBXSBU,Blood urea nitrogen,mg/dL,BIOPRO_L,Yes,5444,30.29,Candidate laboratory covariate,Kidney-related marker; useful descriptively but not part of core CKD definition.,"Adult frame = DEMO_L age ≥20. Missing % is relative to all 7,809 adults and can reflect component participation/availability as well as item missingness.",https://wwwn.cdc.gov/Nchs/Data/Nhanes/Public/2021/DataFiles/BIOPRO_L.htm
Nutritional/clinical,Serum albumin,LBXSAL,Refrigerated serum albumin,g/dL,BIOPRO_L,Yes,5478,29.85,Candidate laboratory covariate,Potential nutritional/inflammatory and disease-context marker.,"Adult frame = DEMO_L age ≥20. Missing % is relative to all 7,809 adults and can reflect component participation/availability as well as item missingness.",https://wwwn.cdc.gov/Nchs/Data/Nhanes/Public/2021/DataFiles/BIOPRO_L.htm
Cardiometabolic,Total cholesterol,LBXSCH,Refrigerated serum total cholesterol,mg/dL,BIOPRO_L,Yes,5445,30.27,Candidate covariate,Cardiometabolic risk marker relevant to CKD risk assessment.,"Adult frame = DEMO_L age ≥20. Missing % is relative to all 7,809 adults and can reflect component participation/availability as well as item missingness.",https://wwwn.cdc.gov/Nchs/Data/Nhanes/Public/2021/DataFiles/BIOPRO_L.htm
Cardiometabolic,Triglycerides,LBXSTR,Refrigerated serum triglycerides,mg/dL,BIOPRO_L,Yes,5472,29.93,Candidate covariate,Cardiometabolic risk marker; interpretation depends on specimen context.,"Adult frame = DEMO_L age ≥20. Missing % is relative to all 7,809 adults and can reflect component participation/availability as well as item missingness.",https://wwwn.cdc.gov/Nchs/Data/Nhanes/Public/2021/DataFiles/BIOPRO_L.htm
Clinical,Blood pressure / hypertension,TBD / component-specific,Measured blood pressure plus hypertension history/medication,mmHg / categorical,BPXO_L; BPQ_L,No,,,High-priority expansion,Major CKD risk factor and important adjustment/prediction domain.,Candidate expansion only; not downloaded or incorporated in the current three-file dataset.,https://wwwn.cdc.gov/nchs/nhanes/search/datapage.aspx?Cycle=2021-2023
Anthropometric,Body mass index,TBD / component-specific,Body mass index,kg/m²,BMXBMI (BMX_L),No,,,High-priority expansion,"Obesity is associated with diabetes, hypertension and CKD risk.",Candidate expansion only; not downloaded or incorporated in the current three-file dataset.,https://wwwn.cdc.gov/nchs/nhanes/search/datapage.aspx?Cycle=2021-2023
Anthropometric,Waist circumference,TBD / component-specific,Waist circumference,cm,BMXWAIST (BMX_L),No,,,Secondary expansion,Central adiposity may capture metabolic risk beyond BMI.,Candidate expansion only; not downloaded or incorporated in the current three-file dataset.,https://wwwn.cdc.gov/nchs/nhanes/search/datapage.aspx?Cycle=2021-2023
Diabetes,Glycohemoglobin (HbA1c),TBD / component-specific,Glycohemoglobin/HbA1c,%,GHB_L,No,,,High-priority expansion,Objective marker of chronic glycemia and diabetes risk/control.,Candidate expansion only; not downloaded or incorporated in the current three-file dataset.,https://wwwn.cdc.gov/nchs/nhanes/search/datapage.aspx?Cycle=2021-2023
Diabetes,Diabetes diagnosis/history,TBD / component-specific,Self-reported diabetes-related questionnaire variables,categorical,DIQ_L,No,,,High-priority expansion,Diabetes is a major CKD risk factor and clinically important subgroup.,Candidate expansion only; not downloaded or incorporated in the current three-file dataset.,https://wwwn.cdc.gov/nchs/nhanes/search/datapage.aspx?Cycle=2021-2023
Cardiovascular,HDL cholesterol,TBD / component-specific,High-density lipoprotein cholesterol,mg/dL,HDL_L,No,,,Secondary expansion,Complements total cholesterol for cardiometabolic characterization.,Candidate expansion only; not downloaded or incorporated in the current three-file dataset.,https://wwwn.cdc.gov/nchs/nhanes/search/datapage.aspx?Cycle=2021-2023
Cardiovascular,LDL cholesterol,TBD / component-specific,LDL-related variables,mg/dL,TRIGLY_L,No,,,Secondary expansion,Cardiovascular risk factor relevant to CKD comorbidity.,Candidate expansion only; not downloaded or incorporated in the current three-file dataset.,https://wwwn.cdc.gov/nchs/nhanes/search/datapage.aspx?Cycle=2021-2023
Behavioral,Smoking,TBD / component-specific,Smoking history/status variables,categorical,SMQ_L,No,,,High-priority expansion,Modifiable cardiovascular and kidney-health risk factor.,Candidate expansion only; not downloaded or incorporated in the current three-file dataset.,https://wwwn.cdc.gov/nchs/nhanes/search/datapage.aspx?Cycle=2021-2023
Behavioral,Alcohol use,TBD / component-specific,Alcohol-use questionnaire variables,categorical/frequency,ALQ_L,No,,,Secondary expansion,Potential behavioral confounder/risk marker.,Candidate expansion only; not downloaded or incorporated in the current three-file dataset.,https://wwwn.cdc.gov/nchs/nhanes/search/datapage.aspx?Cycle=2021-2023
Behavioral,Physical activity,TBD / component-specific,Physical-activity questionnaire variables,categorical/minutes,PAQ_L,No,,,Secondary expansion,Lifestyle domain potentially associated with metabolic and CKD risk.,Candidate expansion only; not downloaded or incorporated in the current three-file dataset.,https://wwwn.cdc.gov/nchs/nhanes/search/datapage.aspx?Cycle=2021-2023
Diet,Dietary intake,TBD / component-specific,24-hour dietary nutrient totals,nutrient-specific,DR1TOT_L / DR2TOT_L,No,,,Future expansion,Allows later investigation of diet and cardiometabolic risk.,Candidate expansion only; not downloaded or incorporated in the current three-file dataset.,https://wwwn.cdc.gov/nchs/nhanes/search/datapage.aspx?Cycle=2021-2023
Clinical history,Cardiovascular disease history,TBD / component-specific,Medical-conditions questionnaire,categorical,MCQ_L,No,,,High-priority expansion,CVD and CKD share risk factors and influence risk stratification.,Candidate expansion only; not downloaded or incorporated in the current three-file dataset.,https://wwwn.cdc.gov/nchs/nhanes/search/datapage.aspx?Cycle=2021-2023
Medication,Prescription medications,TBD / component-specific,Prescription medication use,drug-specific,RXQ_RX_L / RXQ_DRUG,No,,,Future expansion,"May identify antihypertensive, diabetes, diuretic and urate-lowering therapies.",Candidate expansion only; not downloaded or incorporated in the current three-file dataset.,https://wwwn.cdc.gov/nchs/nhanes/search/datapage.aspx?Cycle=2021-2023
Healthcare access,Insurance / healthcare access,TBD / component-specific,Insurance and healthcare-utilization/access variables,categorical,HIQ_L / HUQ_L,No,,,Future expansion,"Relevant to CKD detection, treatment and disparities.",Candidate expansion only; not downloaded or incorporated in the current three-file dataset.,https://wwwn.cdc.gov/nchs/nhanes/search/datapage.aspx?Cycle=2021-2023
Socioeconomic,Food security,TBD / component-specific,Household/individual food-security variables,categorical,FSQ_L,No,,,Future expansion,Potential social determinant linked to diet and chronic disease risk.,Candidate expansion only; not downloaded or incorporated in the current three-file dataset.,https://wwwn.cdc.gov/nchs/nhanes/search/datapage.aspx?Cycle=2021-2023
Inflammation,High-sensitivity CRP,TBD / component-specific,High-sensitivity C-reactive protein,mg/L,HSCRP_L,No,,,Future expansion,Inflammatory marker potentially relevant to cardiometabolic and kidney risk.,Candidate expansion only; not downloaded or incorporated in the current three-file dataset.,https://wwwn.cdc.gov/nchs/nhanes/search/datapage.aspx?Cycle=2021-2023
Environmental,PFAS biomarkers,TBD / component-specific,Serum PFAS biomarkers,analyte-specific,PFAS_L,No,,,Exploratory future expansion,Potential environmental-exposure domain for later CKD research; not needed for first report.,Candidate expansion only; not downloaded or incorporated in the current three-file dataset.,https://wwwn.cdc.gov/nchs/nhanes/search/datapage.aspx?Cycle=2021-2023
